,Test,Time,Mdn DNS (ms),Mdn SSL (ms),Avg Time To First Byte (ms),Mdn Webpage Response (ms),Mdn Render Start (ms),Avg Image Bytes,Avg Script Bytes,Avg Css Bytes,% Availability,# Runs
0,[204709] - trip.com,11/01/2017 0:00,287.5,,584.58,9762.5,1048.0,750792.42,547889.58,10758.67,91.667,12
1,[204709] - trip.com,11/01/2017 2:00,254.5,,904.0,8726.0,1049.0,674683.25,582856.67,10772.5,100.0,12
2,[204709] - trip.com,11/01/2017 4:00,228.0,,419.91,9611.0,897.0,734774.91,578993.36,10761.0,100.0,11
3,[204709] - trip.com,11/01/2017 6:00,180.0,,626.85,9992.0,1402.0,787461.77,584607.54,10760.77,100.0,13
4,[204709] - trip.com,11/01/2017 8:00,227.0,,387.0,8654.0,1197.0,734543.82,579352.91,10764.73,100.0,11
5,[204709] - trip.com,11/01/2017 10:00,226.0,,373.08,10254.0,1196.5,757619.5,577838.33,10769.17,100.0,12
6,[204709] - trip.com,11/01/2017 12:00,257.0,,368.17,10152.0,1104.0,750970.17,580776.25,10760.83,91.667,12
7,[204709] - trip.com,11/01/2017 14:00,255.5,,528.83,13096.0,1394.0,796926.25,553361.75,10757.75,91.667,12
8,[204709] - trip.com,11/01/2017 16:00,271.5,,742.0,9423.5,1256.0,699551.5,579641.08,10776.42,100.0,12
9,[204709] - trip.com,11/01/2017 18:00,301.5,,411.67,9843.0,946.5,635782.92,560432.17,10759.92,91.667,12
10,[204709] - trip.com,11/01/2017 20:00,154.0,,958.67,8659.0,1399.0,740065.45,550903.55,10761.73,83.333,12
11,[204709] - trip.com,11/01/2017 22:00,310.5,,1073.83,8964.5,1099.0,786322.67,586163.17,10763.25,91.667,12
12,[204709] - trip.com,11/02/2017 0:00,277.5,,419.5,8799.0,1193.5,724576.58,580468.08,10766.75,100.0,12
13,[204709] - trip.com,11/02/2017 2:00,204.5,,397.42,8297.0,1197.0,698164.83,543366.33,10758.67,100.0,12
14,[204709] - trip.com,11/02/2017 4:00,245.5,,380.17,10219.5,1244.5,806570.0,581835.08,10755.83,100.0,12
15,[204709] - trip.com,11/02/2017 6:00,278.0,,486.83,9508.5,1148.5,672404.92,547409.0,10773.42,91.667,12
16,[204709] - trip.com,11/02/2017 8:00,218.0,,317.25,8096.5,896.5,701047.25,581647.75,10764.75,100.0,12
17,[204709] - trip.com,11/02/2017 10:00,224.5,,618.33,8648.5,1245.0,694809.08,546811.42,10763.0,91.667,12
18,[204709] - trip.com,11/02/2017 12:00,379.0,,748.64,9092.0,1296.0,827738.0,582787.45,10756.36,81.818,11
19,[204709] - trip.com,11/02/2017 14:00,278.0,,476.15,10181.0,1097.0,736877.46,579089.31,10773.54,92.30799999999999,13
20,[204709] - trip.com,11/02/2017 16:00,287.5,,787.58,8552.5,1001.5,663003.17,580920.0,10763.17,100.0,12
21,[204709] - trip.com,11/02/2017 18:00,268.0,,1163.75,9880.5,1261.0,773017.18,582352.09,10757.45,91.667,12
22,[204709] - trip.com,11/02/2017 20:00,347.0,,871.27,9503.0,1197.0,742568.27,581914.27,10762.91,100.0,11
23,[204709] - trip.com,11/02/2017 22:00,284.0,,395.15,9308.0,999.0,698139.38,579966.46,10766.77,92.30799999999999,13
24,[204709] - trip.com,11/03/2017 0:00,196.0,,297.45,9630.0,1080.0,730960.18,579957.91,10759.09,90.90899999999999,11
25,[204709] - trip.com,11/03/2017 2:00,186.0,,545.46,9774.0,1210.0,815949.38,582045.77,10760.62,100.0,13
26,[204709] - trip.com,11/03/2017 4:00,342.0,,428.17,9176.0,1197.0,697992.0,581308.25,10776.5,100.0,12
27,[204709] - trip.com,11/03/2017 6:00,239.5,,334.25,7952.0,1198.5,634975.67,583268.75,10756.75,100.0,12
28,[204709] - trip.com,11/03/2017 8:00,206.5,,368.83,11275.5,1070.0,761335.33,583184.42,10758.33,100.0,12
29,[204709] - trip.com,11/03/2017 10:00,343.0,,706.25,9211.0,1399.5,682001.08,552607.5,10761.75,91.667,12
30,[204709] - trip.com,11/03/2017 12:00,167.5,,320.0,9667.5,994.5,684099.75,582766.5,10764.33,100.0,12
31,[204709] - trip.com,11/03/2017 14:00,436.0,,805.92,9985.5,1397.0,687719.83,580629.5,10763.0,100.0,12
32,[204709] - trip.com,11/03/2017 16:00,292.0,,553.0,10234.0,1098.0,826726.4,581004.3,10768.0,90.0,10
33,[204709] - trip.com,11/03/2017 18:00,279.0,,295.64,8987.0,1104.0,666814.82,580778.36,10765.64,100.0,11
34,[204709] - trip.com,11/03/2017 20:00,240.0,,686.17,9459.5,1247.5,699112.58,582368.67,10755.75,100.0,12
35,[204709] - trip.com,11/03/2017 22:00,163.0,,268.0,8728.5,847.0,620976.5,546531.25,10763.67,100.0,12
36,[204709] - trip.com,11/04/2017 0:00,316.0,,427.58,9705.5,1405.0,767321.75,566558.5,10761.08,91.667,12
37,[204709] - trip.com,11/04/2017 2:00,396.0,,801.64,9477.0,1299.0,796915.82,579449.27,10772.09,81.818,11
38,[204709] - trip.com,11/04/2017 4:00,298.0,,730.17,8528.5,1101.5,671410.58,581169.58,10761.75,100.0,12
39,[204709] - trip.com,11/04/2017 6:00,264.0,,529.25,8720.0,1204.0,726054.08,546480.17,10758.42,100.0,12
40,[204709] - trip.com,11/04/2017 8:00,325.0,,1160.73,9779.0,1297.0,653745.73,542507.09,10772.82,90.90899999999999,11
41,[204709] - trip.com,11/04/2017 10:00,247.0,,581.67,9681.0,1141.0,793371.0,579362.42,10767.75,91.667,12
42,[204709] - trip.com,11/04/2017 12:00,214.0,,313.0,8854.5,1095.0,641289.92,579341.0,10761.17,100.0,12
43,[204709] - trip.com,11/04/2017 14:00,473.5,,933.58,12814.5,2094.5,812746.08,580115.25,10758.58,100.0,12
44,[204709] - trip.com,11/04/2017 16:00,221.0,,388.27,9473.0,1394.0,755342.91,581156.09,10776.73,90.90899999999999,11
45,[204709] - trip.com,11/04/2017 18:00,260.0,,443.18,8510.0,1197.0,745775.91,581007.36,10756.91,90.90899999999999,11
46,[204709] - trip.com,11/04/2017 20:00,254.0,,612.77,9315.0,1297.0,722442.08,582145.85,10762.85,100.0,13
47,[204709] - trip.com,11/04/2017 22:00,316.0,,836.27,9293.0,1393.0,701741.0,558938.45,10761.82,90.90899999999999,11
48,[204709] - trip.com,11/05/2017 0:00,246.0,,402.5,8423.0,1415.5,779575.67,546003.83,10768.58,83.333,12
49,[204709] - trip.com,11/05/2017 2:00,290.0,,424.91,7956.0,1098.0,752430.64,581585.18,10780.18,90.90899999999999,11
50,[204709] - trip.com,11/05/2017 4:00,367.0,,460.33,8794.5,990.5,751214.83,583641.42,10767.17,100.0,12
51,[204709] - trip.com,11/05/2017 6:00,271.0,,401.17,8207.5,1103.0,615787.67,553907.17,10772.42,100.0,12
52,[204709] - trip.com,11/05/2017 8:00,182.0,,362.0,9111.0,1204.0,749426.91,581541.64,10762.91,100.0,11
53,[204709] - trip.com,11/05/2017 10:00,217.0,,357.85,8683.0,1097.0,734209.15,552968.08,10768.15,100.0,13
54,[204709] - trip.com,11/05/2017 12:00,328.0,,422.92,8377.5,1148.0,723771.33,579380.5,10770.0,100.0,12
55,[204709] - trip.com,11/05/2017 14:00,285.0,,1015.33,10643.5,1001.0,745657.36,585274.91,10767.09,91.667,12
56,[204709] - trip.com,11/05/2017 16:00,318.0,,1716.36,10777.0,1250.0,762138.2,546718.2,10766.9,81.818,11
57,[204709] - trip.com,11/05/2017 18:00,259.5,,398.58,9273.5,1298.0,716861.08,562516.0,10764.92,91.667,12
58,[204709] - trip.com,11/05/2017 20:00,202.0,,336.0,9727.5,999.5,770504.58,583643.17,10770.33,91.667,12
59,[204709] - trip.com,11/05/2017 22:00,165.5,,277.9,7749.0,896.0,817858.5,581876.1,10758.4,90.0,10
60,[204709] - trip.com,11/06/2017 0:00,237.0,,540.15,9388.0,993.0,712282.77,578187.54,10766.69,100.0,13
61,[204709] - trip.com,11/06/2017 2:00,291.0,,1192.75,9498.5,1255.5,788859.92,561620.0,10773.33,83.333,12
62,[204709] - trip.com,11/06/2017 4:00,154.5,,410.17,9654.5,1098.5,828930.42,581451.83,10759.67,91.667,12
63,[204709] - trip.com,11/06/2017 6:00,367.0,,933.23,10830.0,1196.0,725885.0,549481.85,10759.69,92.30799999999999,13
64,[204709] - trip.com,11/06/2017 8:00,265.0,,423.75,11576.5,1546.5,781706.33,578624.75,10765.67,91.667,12
65,[204709] - trip.com,11/06/2017 10:00,291.0,,430.92,8392.5,1147.0,694940.75,577627.67,10769.33,100.0,12
66,[204709] - trip.com,11/06/2017 12:00,254.0,,430.1,9945.5,1259.0,799121.3,578204.0,10758.6,100.0,10
67,[204709] - trip.com,11/06/2017 14:00,234.0,,698.92,10035.0,1299.0,766479.0,578106.46,10767.46,92.30799999999999,13
68,[204709] - trip.com,11/06/2017 16:00,188.5,,292.5,9394.5,1209.5,722625.0,577985.92,10770.33,91.667,12
69,[204709] - trip.com,11/06/2017 18:00,192.5,,293.0,8851.0,948.0,729003.08,586268.58,10760.33,100.0,12
70,[204709] - trip.com,11/06/2017 20:00,340.5,,432.0,9016.0,1397.5,644321.17,578954.25,10767.33,100.0,12
71,[204709] - trip.com,11/06/2017 22:00,363.0,,1252.42,8795.0,1298.0,708488.36,543654.18,10763.18,83.333,12
72,[204709] - trip.com,11/07/2017 0:00,198.5,,300.08,8520.0,1046.0,728412.33,580662.58,10772.17,91.667,12
73,[204709] - trip.com,11/07/2017 2:00,242.5,,446.92,9606.5,1047.0,787644.08,577516.83,10763.75,91.667,12
74,[204709] - trip.com,11/07/2017 4:00,359.5,,1181.08,10019.5,1500.0,742007.36,579796.73,10766.45,91.667,12
75,[204709] - trip.com,11/07/2017 6:00,300.0,,383.54,8854.0,1098.0,707978.62,562567.92,10767.69,92.30799999999999,13
76,[204709] - trip.com,11/07/2017 8:00,206.0,,760.33,8458.0,1411.0,687366.58,582202.58,10765.75,100.0,12
77,[204709] - trip.com,11/07/2017 10:00,163.0,,372.83,9136.0,1146.5,701781.0,582176.83,10758.25,100.0,12
78,[204709] - trip.com,11/07/2017 12:00,245.0,,376.0,10169.5,1298.0,717255.17,582570.33,10761.75,100.0,12
79,[204709] - trip.com,11/07/2017 14:00,407.5,,1200.25,9274.0,997.0,762824.91,583451.55,10774.09,83.333,12
80,[204709] - trip.com,11/07/2017 16:00,316.0,,428.55,10146.0,1365.0,704847.09,541247.73,10760.45,90.90899999999999,11
81,[204709] - trip.com,11/07/2017 18:00,228.0,,681.67,9380.0,1293.5,695343.75,582902.92,10759.33,100.0,12
82,[204709] - trip.com,11/07/2017 20:00,254.0,,379.58,10820.5,1341.5,745699.33,579868.75,10765.17,100.0,12
83,[204709] - trip.com,11/07/2017 22:00,274.5,,664.25,11533.0,1250.5,804226.0,581471.58,10767.17,100.0,12
84,[204709] - trip.com,11/08/2017 0:00,270.0,,397.27,9526.0,1298.0,705336.55,591025.64,10763.36,90.90899999999999,11
85,[204709] - trip.com,11/08/2017 2:00,151.0,,275.67,9878.5,1149.0,700201.33,585401.5,10760.58,100.0,12
86,[204709] - trip.com,11/08/2017 4:00,251.0,,374.08,8518.5,995.5,709500.92,579870.5,10759.5,100.0,12
87,[204709] - trip.com,11/08/2017 6:00,157.0,,698.45,10172.0,1197.0,832663.55,580939.55,10762.18,90.90899999999999,11
88,[204709] - trip.com,11/08/2017 8:00,323.0,,665.08,9388.0,1696.0,746389.38,581440.69,10762.69,100.0,13
89,[204709] - trip.com,11/08/2017 10:00,247.5,,373.83,9530.5,1293.5,799683.58,581131.67,10769.67,91.667,12
90,[204709] - trip.com,11/08/2017 12:00,161.0,,915.08,9637.0,1370.5,693282.58,546065.33,10758.92,83.333,12
91,[204709] - trip.com,11/08/2017 14:00,386.0,,499.83,11891.5,1648.5,793665.33,563111.75,10761.08,83.333,12
92,[204709] - trip.com,11/08/2017 16:00,266.5,,383.58,9257.5,1250.0,724177.0,581606.67,10776.25,100.0,12
93,[204709] - trip.com,11/08/2017 18:00,291.5,,401.83,9127.0,1298.0,740400.67,581400.67,10763.25,91.667,12
94,[204709] - trip.com,11/08/2017 20:00,262.5,,361.08,10136.0,1396.5,785301.25,584191.83,10762.92,91.667,12
95,[204709] - trip.com,11/08/2017 22:00,208.0,,458.33,10081.0,1199.5,740579.0,558530.08,10761.83,91.667,12
96,[204709] - trip.com,11/09/2017 0:00,289.0,,378.08,8332.0,1197.0,752767.17,579873.42,10770.83,100.0,12
97,[204709] - trip.com,11/09/2017 2:00,219.5,,778.0,9650.0,1355.0,815990.33,579804.25,10760.75,91.667,12
98,[204709] - trip.com,11/09/2017 4:00,334.5,,860.42,10841.0,1398.0,790692.58,580533.17,10759.67,100.0,12
99,[204709] - trip.com,11/09/2017 6:00,331.0,,485.25,8805.0,1346.0,719958.75,546968.83,10771.0,83.333,12
100,[204709] - trip.com,11/09/2017 8:00,249.0,,590.25,9304.0,1241.0,711051.67,582329.25,10767.08,100.0,12
101,[204709] - trip.com,11/09/2017 10:00,319.0,,543.58,9994.5,1250.0,764230.58,582736.17,10774.0,91.667,12
102,[204709] - trip.com,11/09/2017 12:00,294.0,,476.17,9036.0,1298.5,716758.0,545266.67,10767.58,91.667,12
103,[204709] - trip.com,11/09/2017 14:00,508.5,,1536.0,10596.0,2194.5,758938.0,578317.58,10756.08,100.0,12
104,[204709] - trip.com,11/09/2017 16:00,265.5,,516.83,12024.0,1354.5,847002.42,581393.5,10761.42,100.0,12
105,[204709] - trip.com,11/09/2017 18:00,326.0,,823.42,9726.0,1446.0,713937.83,581451.75,10772.42,91.667,12
106,[204709] - trip.com,11/09/2017 20:00,224.5,,311.17,8159.5,1538.0,698918.58,578989.67,10768.08,100.0,12
107,[204709] - trip.com,11/09/2017 22:00,278.5,,350.58,9460.0,1197.0,732608.25,583204.58,10760.5,100.0,12
108,[204709] - trip.com,11/10/2017 0:00,316.0,,654.92,9955.0,1452.5,818853.5,582190.75,10769.83,91.667,12
109,[204709] - trip.com,11/10/2017 2:00,360.5,,610.92,9584.0,1415.5,712521.5,579682.83,10761.42,100.0,12
110,[204709] - trip.com,11/10/2017 4:00,178.0,,356.08,9228.0,1299.0,760835.08,582285.5,10762.42,91.667,12
111,[204709] - trip.com,11/10/2017 6:00,153.5,,328.08,9486.5,1252.0,804696.0,579818.33,10762.5,100.0,12
112,[204709] - trip.com,11/10/2017 8:00,262.5,,409.58,8188.5,1350.5,728197.83,582188.33,10765.33,91.667,12
113,[204709] - trip.com,11/10/2017 10:00,200.0,,1290.33,9095.5,1241.0,612702.42,548936.17,10765.42,91.667,12
114,[204709] - trip.com,11/10/2017 12:00,323.0,,495.92,9092.0,1699.5,772092.33,578352.42,10756.83,91.667,12
115,[204709] - trip.com,11/10/2017 14:00,254.0,,392.92,10249.0,1038.0,822102.83,584012.33,10762.5,100.0,12
116,[204709] - trip.com,11/10/2017 16:00,331.5,,525.17,10001.0,1297.5,797022.42,582439.83,10766.33,91.667,12
117,[204709] - trip.com,11/10/2017 18:00,348.5,,701.92,9175.5,1488.5,732820.92,581406.33,10763.09,100.0,12
118,[204709] - trip.com,11/10/2017 20:00,203.5,,309.0,9743.5,1195.0,817546.75,578626.83,10759.17,100.0,12
119,[204709] - trip.com,11/10/2017 22:00,257.0,,507.55,9508.0,1409.0,843245.27,581495.82,10759.64,90.90899999999999,11
120,[204709] - trip.com,11/11/2017 0:00,314.0,,409.62,9610.0,1493.0,731315.31,580736.77,10765.69,100.0,13
121,[204709] - trip.com,11/11/2017 2:00,247.5,,337.75,9878.0,1343.5,816340.42,543074.58,10760.75,91.667,12
122,[204709] - trip.com,11/11/2017 4:00,199.0,,393.92,8790.0,1403.0,789438.58,553793.42,10761.92,100.0,12
123,[204709] - trip.com,11/11/2017 6:00,352.5,,483.42,8406.5,1247.0,740974.67,580980.83,10769.0,91.667,12
124,[204709] - trip.com,11/11/2017 8:00,355.5,,440.92,10547.0,1295.5,714795.75,552632.0,10766.67,91.667,12
125,[204709] - trip.com,11/11/2017 10:00,391.5,,707.58,8862.0,1349.0,731693.5,578318.58,10758.33,100.0,12
126,[204709] - trip.com,11/11/2017 12:00,291.0,,418.42,9438.5,1043.5,768030.08,555432.17,10765.5,100.0,12
127,[204709] - trip.com,11/11/2017 14:00,279.5,,470.0,8825.0,1393.0,767678.33,581206.83,10767.58,91.667,12
128,[204709] - trip.com,11/11/2017 16:00,209.0,,361.0,9682.5,1247.5,709184.67,547671.25,10766.75,91.667,12
129,[204709] - trip.com,11/11/2017 18:00,207.0,,379.58,8591.5,1348.0,770863.33,578629.17,10759.08,100.0,12
130,[204709] - trip.com,11/11/2017 20:00,347.0,,498.42,10909.5,1548.0,830558.08,581090.67,10769.08,100.0,12
131,[204709] - trip.com,11/11/2017 22:00,269.5,,434.0,9682.5,1346.0,706352.5,584706.25,10762.17,100.0,12
132,[204709] - trip.com,11/12/2017 0:00,228.5,,354.5,8343.0,1647.0,676400.17,560396.08,10761.0,91.667,12
133,[204709] - trip.com,11/12/2017 2:00,275.5,,655.17,9508.5,1444.5,801132.75,551169.17,10766.5,100.0,12
134,[204709] - trip.com,11/12/2017 4:00,259.0,,377.0,8866.5,1343.5,697521.17,584025.83,10767.33,100.0,12
135,[204709] - trip.com,11/12/2017 6:00,309.5,,678.17,8966.0,1353.0,694576.67,584735.83,10764.58,91.667,12
136,[204709] - trip.com,11/12/2017 8:00,366.5,,1031.92,10053.5,1246.0,751522.67,580792.08,10759.83,100.0,12
137,[204709] - trip.com,11/12/2017 10:00,262.0,,452.17,8883.5,1248.0,797087.5,582040.5,10770.33,100.0,12
138,[204709] - trip.com,11/12/2017 12:00,301.0,,1136.17,9809.0,1425.0,712339.91,581899.64,10762.82,91.667,12
139,[204709] - trip.com,11/12/2017 14:00,157.5,,942.75,9692.5,1295.0,767944.0,542485.91,10767.18,83.333,12
140,[204709] - trip.com,11/12/2017 16:00,330.0,,539.92,9438.5,1294.5,761241.25,582009.58,10761.58,100.0,12
141,[204709] - trip.com,11/12/2017 18:00,282.0,,442.83,9161.5,1500.0,754449.08,581959.5,10769.0,83.333,12
142,[204709] - trip.com,11/12/2017 20:00,154.5,,251.08,9911.0,1147.0,647330.75,584573.75,10766.5,100.0,12
143,[204709] - trip.com,11/12/2017 22:00,272.5,,500.75,9403.0,1444.5,694757.33,581073.17,10758.83,100.0,12
144,[204709] - trip.com,11/13/2017 12:00:00 AM,301.0,,494.25,9071.5,1037.5,723359.08,553017.92,10766.08,100.0,12
145,[204709] - trip.com,11/13/2017 2:00:00 AM,248.5,,402.83,8016.5,1542.5,668743.17,581541.0,10772.67,100.0,12
146,[204709] - trip.com,11/13/2017 4:00:00 AM,183.5,,655.92,8348.0,1097.0,616528.75,579921.33,10766.67,100.0,12
147,[204709] - trip.com,11/13/2017 6:00:00 AM,274.0,,723.08,10438.0,1297.5,679683.33,581996.92,10761.67,100.0,12
148,[204709] - trip.com,11/13/2017 8:00:00 AM,323.0,,505.0,10323.0,1246.0,750436.0,586865.42,10772.25,91.667,12
149,[204709] - trip.com,11/13/2017 10:00:00 AM,301.0,,726.83,9356.0,1199.0,612681.58,583133.17,10767.58,100.0,12
150,[204709] - trip.com,11/13/2017 12:00:00 PM,349.0,,877.08,11303.0,1297.5,656332.33,550084.83,10764.92,91.667,12
151,[204709] - trip.com,11/13/2017 2:00:00 PM,198.0,,568.75,9552.0,1246.5,729618.42,582298.58,10762.5,100.0,12
152,[204709] - trip.com,11/13/2017 4:00:00 PM,257.5,,748.0,10059.5,1098.5,752519.08,578505.67,10772.58,91.667,12
153,[204709] - trip.com,11/13/2017 6:00:00 PM,356.0,,424.67,9374.5,1496.0,613110.42,579444.92,10767.58,100.0,12
154,[204709] - trip.com,11/13/2017 8:00:00 PM,200.0,,970.75,9160.0,1198.5,597079.42,547470.33,10763.92,100.0,12
155,[204709] - trip.com,11/13/2017 10:00:00 PM,215.5,,391.33,9330.0,1083.0,690492.83,545040.25,10766.0,100.0,12
156,[204709] - trip.com,11/14/2017 12:00:00 AM,244.0,,407.67,8265.0,1245.5,661129.5,584861.42,10771.42,100.0,12
157,[204709] - trip.com,11/14/2017 2:00:00 AM,267.5,,995.0,8204.0,1083.0,627312.09,581245.82,10766.73,83.333,12
158,[204709] - trip.com,11/14/2017 4:00:00 AM,270.0,,1043.42,10128.0,1147.5,635596.58,544571.58,10763.25,91.667,12
159,[204709] - trip.com,11/14/2017 6:00:00 AM,397.5,,501.92,10261.5,1448.5,732136.0,578661.33,10769.42,100.0,12
160,[204709] - trip.com,11/14/2017 8:00:00 AM,287.0,,620.0,10022.0,1199.0,664665.55,581183.64,10766.55,100.0,11
161,[204709] - trip.com,11/14/2017 10:00:00 AM,258.0,,734.92,9145.5,1337.5,606797.92,548860.25,10764.42,91.667,12
162,[204709] - trip.com,11/14/2017 12:00:00 PM,232.5,,487.75,9719.5,1002.5,773409.75,581987.33,10762.58,100.0,12
163,[204709] - trip.com,11/14/2017 2:00:00 PM,327.5,,484.92,9636.0,1245.5,704946.42,580324.75,10772.5,91.667,12
164,[204709] - trip.com,11/14/2017 4:00:00 PM,235.5,,327.92,9755.5,1150.0,651048.83,582668.08,10767.08,100.0,12
165,[204709] - trip.com,11/14/2017 6:00:00 PM,238.5,,924.92,10665.0,1348.0,673905.25,578599.0,10762.83,100.0,12
166,[204709] - trip.com,11/14/2017 8:00:00 PM,262.0,,402.75,9996.5,1088.5,694853.83,582691.83,10764.0,100.0,12
167,[204709] - trip.com,11/14/2017 10:00:00 PM,383.0,,762.73,9899.0,1503.0,658647.91,586573.55,10767.18,90.90899999999999,11
168,[204709] - trip.com,11/15/2017 12:00:00 AM,261.0,,701.5,8167.5,1197.5,589700.75,578680.67,10766.25,100.0,12
169,[204709] - trip.com,11/15/2017 2:00:00 AM,275.5,,1053.67,10013.5,1099.5,645226.42,582014.42,10761.73,100.0,12
170,[204709] - trip.com,11/15/2017 4:00:00 AM,274.0,,465.5,9430.5,1403.0,711625.17,580732.75,10767.33,100.0,12
171,[204709] - trip.com,11/15/2017 6:00:00 AM,314.0,,733.92,9830.0,1136.5,590430.33,581564.67,10763.58,100.0,12
172,[204709] - trip.com,11/15/2017 8:00:00 AM,218.5,,626.5,9631.0,1015.5,613477.17,547335.5,10769.0,91.667,12
173,[204709] - trip.com,11/15/2017 10:00:00 AM,254.5,,453.0,8534.0,1094.5,671097.17,584494.67,10759.92,100.0,12
174,[204709] - trip.com,11/15/2017 12:00:00 PM,384.0,,731.42,9446.0,1394.5,703021.5,581104.5,10764.75,91.667,12
175,[204709] - trip.com,11/15/2017 2:00:00 PM,365.0,,1088.83,10209.5,1095.5,575941.92,582975.92,10766.67,100.0,12
176,[204709] - trip.com,11/15/2017 4:00:00 PM,154.5,,905.25,9005.0,896.0,610970.42,579800.25,10760.58,100.0,12
177,[204709] - trip.com,11/15/2017 6:00:00 PM,372.0,,453.92,10551.0,1195.0,717455.0,582412.17,10764.17,100.0,12
178,[204709] - trip.com,11/15/2017 8:00:00 PM,312.0,,592.17,9181.0,1499.5,655033.0,582431.42,10766.0,100.0,12
179,[204709] - trip.com,11/15/2017 10:00:00 PM,234.5,,335.17,9015.5,1293.5,640336.08,580183.42,10765.67,100.0,12
180,[204709] - trip.com,11/16/2017 12:00:00 AM,231.0,,369.92,9299.0,997.5,742130.58,579554.67,10760.17,100.0,12
181,[204709] - trip.com,11/16/2017 2:00:00 AM,329.5,,838.75,9680.0,1248.5,763533.83,578596.33,10767.5,91.667,12
182,[204709] - trip.com,11/16/2017 4:00:00 AM,235.0,,351.5,9610.5,1053.5,605424.0,583409.83,10765.42,100.0,12
183,[204709] - trip.com,11/16/2017 6:00:00 AM,195.0,,982.0,9610.0,1399.0,672274.17,574549.92,10766.67,100.0,12
184,[204709] - trip.com,11/16/2017 8:00:00 AM,247.5,,402.08,9573.5,1196.5,712324.0,578643.83,10760.92,100.0,12
185,[204709] - trip.com,11/16/2017 10:00:00 AM,426.5,,877.83,8266.0,1294.5,661693.5,581555.25,10769.58,91.667,12
186,[204709] - trip.com,11/16/2017 12:00:00 PM,298.0,,518.42,10460.5,1313.0,610230.5,579277.67,10768.58,100.0,12
187,[204709] - trip.com,11/16/2017 2:00:00 PM,199.0,,893.75,10913.0,1247.5,636158.33,583517.42,10762.17,100.0,12
188,[204709] - trip.com,11/16/2017 4:00:00 PM,354.5,,561.83,10816.0,1447.0,704076.42,515846.25,10765.0,100.0,12
189,[204709] - trip.com,11/16/2017 6:00:00 PM,310.0,,1142.17,18378.5,1342.0,762851.08,530194.33,10766.75,66.667,12
190,[204709] - trip.com,11/16/2017 8:00:00 PM,260.0,,788.0,10348.5,1349.0,679483.08,544040.83,10766.58,91.667,12
191,[204709] - trip.com,11/16/2017 10:00:00 PM,367.5,,381.92,11419.5,1092.5,740346.67,540472.0,10757.58,83.333,12
192,[204709] - trip.com,11/17/2017 12:00:00 AM,275.5,,361.33,30094.0,1946.5,598122.33,388817.4,10762.75,25.0,12
193,[204709] - trip.com,11/17/2017 2:00:00 AM,283.0,,534.42,10669.5,1099.0,625827.42,539529.33,10763.73,83.333,12
194,[204709] - trip.com,11/17/2017 4:00:00 AM,245.0,,372.33,8778.0,1048.0,731788.58,583130.75,10762.0,100.0,12
195,[204709] - trip.com,11/17/2017 6:00:00 AM,421.0,,896.67,10416.5,1282.0,810345.25,584047.25,10760.25,100.0,12
196,[204709] - trip.com,11/17/2017 8:00:00 AM,417.5,,563.25,8119.0,1244.5,674640.67,596081.82,10772.42,91.667,12
197,[204709] - trip.com,11/17/2017 10:00:00 AM,158.0,,645.42,7752.0,1050.0,659482.0,581723.67,10765.83,100.0,12
198,[204709] - trip.com,11/17/2017 12:00:00 PM,196.0,,1376.58,8123.0,1197.0,672452.73,583328.45,10761.55,91.667,12
199,[204709] - trip.com,11/17/2017 2:00:00 PM,262.5,,391.58,8846.0,1100.5,686751.25,547723.83,10763.67,91.667,12
200,[204709] - trip.com,11/17/2017 4:00:00 PM,292.5,,385.5,9666.5,1102.5,734407.5,581846.17,10773.33,83.333,12
201,[204709] - trip.com,11/17/2017 6:00:00 PM,214.0,,289.83,9701.5,1058.5,698675.92,584389.83,10764.25,100.0,12
202,[204709] - trip.com,11/17/2017 8:00:00 PM,161.5,,358.92,9381.5,1049.0,737013.5,554295.5,10762.83,91.667,12
203,[204709] - trip.com,11/17/2017 10:00:00 PM,445.0,,868.55,9282.0,1491.0,681071.64,563459.45,10765.82,90.90899999999999,11
204,[204709] - trip.com,11/18/2017 12:00:00 AM,276.0,,419.85,9631.0,1493.0,696000.77,580139.15,10766.62,100.0,13
205,[204709] - trip.com,11/18/2017 2:00:00 AM,346.0,,658.75,8983.0,1345.5,692074.58,547863.33,10764.33,91.667,12
206,[204709] - trip.com,11/18/2017 4:00:00 AM,208.5,,330.25,8397.5,999.0,747258.08,584963.75,10760.58,100.0,12
207,[204709] - trip.com,11/18/2017 6:00:00 AM,376.5,,429.67,8762.5,1393.0,649306.5,545414.67,10771.33,91.667,12
208,[204709] - trip.com,11/18/2017 8:00:00 AM,280.5,,370.08,7829.0,1194.5,671643.92,580551.42,10767.17,100.0,12
209,[204709] - trip.com,11/18/2017 10:00:00 AM,229.5,,777.0,7535.5,1004.0,694659.92,580373.83,10761.75,100.0,12
210,[204709] - trip.com,11/18/2017 12:00:00 PM,319.0,,477.67,9912.5,1047.5,771682.5,593946.17,10766.17,100.0,12
211,[204709] - trip.com,11/18/2017 2:00:00 PM,397.0,,463.5,9031.0,1299.5,671223.5,580626.25,10769.92,91.667,12
212,[204709] - trip.com,11/18/2017 4:00:00 PM,216.0,,570.25,9853.0,1151.0,747019.25,583111.83,10763.25,100.0,12
213,[204709] - trip.com,11/18/2017 6:00:00 PM,214.0,,646.17,9624.5,1047.0,796943.25,552797.5,10761.42,100.0,12
214,[204709] - trip.com,11/18/2017 8:00:00 PM,270.0,,451.0,8764.0,1396.0,705135.83,561571.5,10770.17,91.667,12
215,[204709] - trip.com,11/18/2017 10:00:00 PM,319.5,,407.67,8997.0,1396.5,719126.58,549224.58,10765.25,91.667,12
216,[204709] - trip.com,11/19/2017 12:00:00 AM,251.0,,382.67,8679.5,1246.5,752621.67,586740.75,10759.58,100.0,12
217,[204709] - trip.com,11/19/2017 2:00:00 AM,264.5,,437.42,12189.0,962.0,829609.58,561548.75,10766.17,91.667,12
218,[204709] - trip.com,11/19/2017 4:00:00 AM,284.0,,545.75,9060.5,1052.5,762788.58,580603.0,10771.58,91.667,12
219,[204709] - trip.com,11/19/2017 6:00:00 AM,353.0,,466.92,10588.5,1198.5,822994.5,585613.25,10763.25,100.0,12
220,[204709] - trip.com,11/19/2017 8:00:00 AM,324.0,,1443.33,10100.0,1097.0,847687.27,583008.09,10762.09,91.667,12
221,[204709] - trip.com,11/19/2017 10:00:00 AM,266.5,,416.58,9365.5,1040.5,791123.25,579107.08,10772.92,91.667,12
222,[204709] - trip.com,11/19/2017 12:00:00 PM,283.5,,385.5,9689.0,1053.0,754758.17,582676.83,10767.25,100.0,12
223,[204709] - trip.com,11/19/2017 2:00:00 PM,228.0,,1402.5,10416.5,1198.0,797711.09,583640.09,10763.27,91.667,12
224,[204709] - trip.com,11/19/2017 4:00:00 PM,215.0,,344.75,9600.5,947.5,793016.08,552803.92,10761.08,100.0,12
225,[204709] - trip.com,11/19/2017 6:00:00 PM,284.5,,387.83,9209.5,1355.0,780485.92,576783.0,10856.17,91.667,12
226,[204709] - trip.com,11/19/2017 8:00:00 PM,215.0,,318.75,9190.5,1195.0,739893.0,582934.33,10763.92,100.0,12
227,[204709] - trip.com,11/19/2017 10:00:00 PM,213.0,,625.17,10005.0,1248.0,799839.08,562351.83,10765.33,100.0,12
228,[204709] - trip.com,11/20/2017 12:00:00 AM,306.0,,466.5,10354.0,1401.5,820155.58,583371.17,10766.83,100.0,12
229,[204709] - trip.com,11/20/2017 2:00:00 AM,347.5,,522.17,8180.0,1371.5,711700.67,547761.08,10768.33,91.667,12
230,[204709] - trip.com,11/20/2017 4:00:00 AM,211.0,,304.75,9396.5,1146.0,742429.92,582151.08,10768.33,100.0,12
231,[204709] - trip.com,11/20/2017 6:00:00 AM,272.5,,425.58,8045.5,1397.5,772751.08,581966.17,10761.42,100.0,12
232,[204709] - trip.com,11/20/2017 8:00:00 AM,342.0,,495.5,9138.0,1489.0,792880.33,601373.42,11079.42,91.667,12
233,[204709] - trip.com,11/20/2017 10:00:00 AM,251.0,,401.5,8654.5,945.5,746247.42,577416.75,10763.83,100.0,12
234,[204709] - trip.com,11/20/2017 12:00:00 PM,526.5,,1938.08,9012.0,1550.5,770393.25,578038.33,10762.17,91.667,12
235,[204709] - trip.com,11/20/2017 2:00:00 PM,296.0,,440.0,8080.5,1149.0,760431.08,583811.08,10760.92,100.0,12
236,[204709] - trip.com,11/20/2017 4:00:00 PM,355.0,,457.5,9838.5,1296.0,776674.67,607283.5,11081.25,83.333,12
237,[204709] - trip.com,11/20/2017 6:00:00 PM,253.5,,834.67,11515.5,1344.0,835535.25,580170.67,10763.5,100.0,12
238,[204709] - trip.com,11/20/2017 8:00:00 PM,165.0,,701.25,9706.5,1048.0,854429.75,578666.5,10760.33,100.0,12
239,[204709] - trip.com,11/20/2017 10:00:00 PM,254.0,,447.33,9950.0,1445.0,879998.92,609373.5,10851.25,100.0,12
240,[204709] - trip.com,11/21/2017 12:00:00 AM,327.0,,499.92,8802.5,1495.0,703366.33,580900.25,10765.83,91.667,12
241,[204709] - trip.com,11/21/2017 2:00:00 AM,429.5,,1957.58,10186.0,1547.0,640100.0,514892.0,10764.5,83.333,12
242,[204709] - trip.com,11/21/2017 4:00:00 AM,266.0,,328.58,8778.0,1052.0,690682.08,581937.83,10761.5,100.0,12
243,[204709] - trip.com,11/21/2017 6:00:00 AM,304.0,,413.58,9935.5,1151.0,832112.17,579618.33,10770.0,83.333,12
244,[204709] - trip.com,11/21/2017 8:00:00 AM,274.5,,1094.67,9487.0,898.0,730505.27,577931.55,10765.09,91.667,12
245,[204709] - trip.com,11/21/2017 10:00:00 AM,237.0,,1427.33,9909.5,1384.0,785040.09,559496.27,10763.27,83.333,12
246,[204709] - trip.com,11/21/2017 12:00:00 PM,378.0,,550.0,9836.5,1195.5,721397.08,550100.67,10760.67,100.0,12
247,[204709] - trip.com,11/21/2017 2:00:00 PM,395.5,,507.08,10055.0,1592.5,773917.33,580821.17,10771.42,91.667,12
248,[204709] - trip.com,11/21/2017 4:00:00 PM,207.0,,370.33,9636.0,1359.5,741546.25,580135.58,10763.58,100.0,12
249,[204709] - trip.com,11/21/2017 6:00:00 PM,168.0,,1241.08,8847.0,1198.0,704633.82,577540.82,10762.82,91.667,12
250,[204709] - trip.com,11/21/2017 8:00:00 PM,295.5,,515.75,10132.0,1643.0,829489.58,592289.5,10762.33,100.0,12
251,[204709] - trip.com,11/21/2017 10:00:00 PM,275.5,,379.42,9631.0,1350.5,697080.92,583570.25,10766.33,91.667,12
252,[204709] - trip.com,11/22/2017 12:00:00 AM,261.5,,707.08,8637.5,1297.0,632138.25,582232.0,10762.67,100.0,12
253,[204709] - trip.com,11/22/2017 2:00:00 AM,228.5,,718.67,8192.5,1099.0,661819.08,510689.67,10761.33,100.0,12
254,[204709] - trip.com,11/22/2017 4:00:00 AM,329.0,,488.5,10567.0,1096.5,810825.0,592088.42,10769.67,83.333,12
255,[204709] - trip.com,11/22/2017 6:00:00 AM,262.0,,450.83,9419.0,1331.5,727852.67,559328.42,10764.33,91.667,12
256,[204709] - trip.com,11/22/2017 8:00:00 AM,240.5,,1366.67,10009.0,1894.0,709076.18,578848.55,10768.82,91.667,12
257,[204709] - trip.com,11/22/2017 10:00:00 AM,371.5,,775.17,8815.5,1249.5,727474.0,581985.75,10761.67,100.0,12
258,[204709] - trip.com,11/22/2017 12:00:00 PM,281.5,,380.25,9185.0,1299.0,799363.83,589689.67,10770.58,83.333,12
259,[204709] - trip.com,11/22/2017 2:00:00 PM,349.0,,977.33,10158.5,1298.5,674948.08,582566.08,10762.67,100.0,12
260,[204709] - trip.com,11/22/2017 4:00:00 PM,275.0,,461.08,10393.0,1199.0,707175.08,580789.92,10767.0,100.0,12
261,[204709] - trip.com,11/22/2017 6:00:00 PM,394.5,,782.17,12791.5,1293.0,858824.33,594222.25,10767.42,100.0,12
262,[204709] - trip.com,11/22/2017 8:00:00 PM,320.0,,563.67,10265.0,1544.0,695109.0,582384.83,10766.17,91.667,12
263,[204709] - trip.com,11/22/2017 10:00:00 PM,191.0,,752.83,9438.0,1400.5,658201.0,581010.92,10763.08,100.0,12
264,[204709] - trip.com,11/23/2017 12:00:00 AM,212.5,,676.08,10091.0,1097.5,743132.75,577364.92,10762.17,100.0,12
265,[204709] - trip.com,11/23/2017 2:00:00 AM,290.5,,434.5,10660.0,1297.0,870253.33,590602.92,10766.33,100.0,12
266,[204709] - trip.com,11/23/2017 4:00:00 AM,304.0,,804.92,10283.0,1501.0,690114.83,583802.08,10764.17,100.0,12
267,[204709] - trip.com,11/23/2017 6:00:00 AM,159.5,,335.25,10008.5,848.0,732002.0,579838.0,10760.25,100.0,12
268,[204709] - trip.com,11/23/2017 8:00:00 AM,305.5,,438.58,10298.0,1092.0,748481.83,582249.5,10761.33,100.0,12
269,[204709] - trip.com,11/23/2017 10:00:00 AM,468.0,,601.17,9498.5,1302.5,700755.5,592712.58,10771.58,91.667,12
270,[204709] - trip.com,11/23/2017 12:00:00 PM,413.0,,640.33,11017.0,1849.0,652715.58,581075.0,10764.25,100.0,12
271,[204709] - trip.com,11/23/2017 2:00:00 PM,373.0,,761.83,9950.5,1444.5,692390.33,583230.0,10765.58,100.0,12
272,[204709] - trip.com,11/23/2017 4:00:00 PM,424.0,,863.67,11560.0,1290.5,817603.25,594670.58,10848.58,91.667,12
273,[204709] - trip.com,11/23/2017 6:00:00 PM,280.5,,439.25,8714.5,1495.5,677468.5,541378.33,10764.92,91.667,12
274,[204709] - trip.com,11/23/2017 8:00:00 PM,203.5,,453.92,9149.0,1258.0,685186.75,583528.67,10768.33,100.0,12
275,[204709] - trip.com,11/23/2017 10:00:00 PM,149.0,,327.92,9483.0,1148.0,720565.17,582260.25,10761.67,100.0,12
276,[204709] - trip.com,11/24/2017 12:00:00 AM,335.0,,724.92,10027.5,1446.5,780043.58,580889.08,10770.58,91.667,12
277,[204709] - trip.com,11/24/2017 2:00:00 AM,375.0,,862.67,8944.0,1445.0,659054.5,583287.25,10764.58,100.0,12
278,[204709] - trip.com,11/24/2017 4:00:00 AM,261.0,,372.42,9073.0,1251.5,673976.42,572179.58,10762.25,100.0,12
279,[204709] - trip.com,11/24/2017 6:00:00 AM,380.5,,513.0,9290.0,1239.5,761063.58,581310.08,10760.17,100.0,12
280,[204709] - trip.com,11/24/2017 8:00:00 AM,342.0,,512.17,9265.5,1094.0,702551.33,587481.67,10770.83,91.667,12
281,[204709] - trip.com,11/24/2017 10:00:00 AM,215.5,,410.0,9517.5,1109.0,662245.0,587642.42,10765.0,100.0,12
282,[204709] - trip.com,11/24/2017 12:00:00 PM,311.5,,735.42,10305.5,1595.0,756760.75,575564.75,10765.33,91.667,12
283,[204709] - trip.com,11/24/2017 2:00:00 PM,286.5,,419.92,10382.5,1097.0,842429.58,582026.17,10764.5,100.0,12
284,[204709] - trip.com,11/24/2017 4:00:00 PM,368.0,,543.75,9599.5,1494.5,759448.5,579702.92,10767.17,91.667,12
285,[204709] - trip.com,11/24/2017 6:00:00 PM,273.0,,439.33,8790.5,1446.0,652650.17,579904.67,10765.25,100.0,12
286,[204709] - trip.com,11/24/2017 8:00:00 PM,155.0,,347.0,9633.5,997.5,729830.33,578340.92,10761.25,100.0,12
287,[204709] - trip.com,11/24/2017 10:00:00 PM,297.0,,452.92,10009.0,1347.5,823811.25,590041.08,10767.33,91.667,12
288,[204709] - trip.com,11/25/2017 12:00:00 AM,284.0,,411.58,9415.0,1146.0,744554.5,581285.92,10763.5,100.0,12
289,[204709] - trip.com,11/25/2017 2:00:00 AM,263.0,,1346.0,7718.5,1403.0,694196.64,581519.09,10763.09,91.667,12
290,[204709] - trip.com,11/25/2017 4:00:00 AM,245.0,,432.33,9276.5,1097.5,742749.0,576471.58,10758.17,100.0,12
291,[204709] - trip.com,11/25/2017 6:00:00 AM,349.5,,432.08,9489.5,1149.0,721076.5,591481.92,10769.5,91.667,12
292,[204709] - trip.com,11/25/2017 8:00:00 AM,249.0,,491.25,9903.5,1289.0,592863.67,547327.67,10764.45,91.667,12
293,[204709] - trip.com,11/25/2017 10:00:00 AM,366.5,,1612.58,9136.5,1246.5,620506.92,534172.83,10761.0,91.667,12
294,[204709] - trip.com,11/25/2017 12:00:00 PM,290.5,,411.42,11969.0,1045.0,765789.33,591759.33,10761.83,100.0,12
295,[204709] - trip.com,11/25/2017 2:00:00 PM,287.0,,453.0,9993.5,1054.5,746269.33,578477.42,10769.0,91.667,12
296,[204709] - trip.com,11/25/2017 4:00:00 PM,248.0,,396.92,8978.0,997.0,742692.75,578610.25,10764.08,100.0,12
297,[204709] - trip.com,11/25/2017 6:00:00 PM,216.0,,473.25,9684.5,1297.5,679766.17,541334.5,10760.83,91.667,12
298,[204709] - trip.com,11/25/2017 8:00:00 PM,350.5,,509.33,9659.5,1502.5,820902.0,591662.42,10768.75,91.667,12
299,[204709] - trip.com,11/25/2017 10:00:00 PM,209.5,,690.75,9383.0,1446.0,664451.67,587522.33,10762.58,100.0,12
300,[204709] - trip.com,11/26/2017 12:00:00 AM,337.5,,462.92,8638.5,1446.5,661897.33,552525.0,10757.92,91.667,12
301,[204709] - trip.com,11/26/2017 2:00:00 AM,385.0,,465.25,10107.0,1153.0,685936.92,536303.0,10761.42,91.667,12
302,[204709] - trip.com,11/26/2017 4:00:00 AM,371.0,,790.5,8155.5,1493.0,706538.58,580888.92,10774.42,100.0,12
303,[204709] - trip.com,11/26/2017 6:00:00 AM,279.5,,649.67,8797.0,1498.0,693611.83,577423.0,10764.25,100.0,12
304,[204709] - trip.com,11/26/2017 8:00:00 AM,274.5,,507.92,9588.5,1047.5,728870.5,543767.92,10760.58,100.0,12
305,[204709] - trip.com,11/26/2017 10:00:00 AM,319.0,,463.58,10600.0,1147.5,732726.25,559816.58,10772.0,83.333,12
306,[204709] - trip.com,11/26/2017 12:00:00 PM,237.0,,433.08,9052.5,1303.0,748282.25,579948.33,10769.25,100.0,12
307,[204709] - trip.com,11/26/2017 2:00:00 PM,241.5,,1007.33,8859.0,1398.5,795820.5,578607.42,10762.25,100.0,12
308,[204709] - trip.com,11/26/2017 4:00:00 PM,357.0,,457.58,10155.0,1296.0,707076.92,548766.25,10758.82,91.667,12
309,[204709] - trip.com,11/26/2017 6:00:00 PM,347.0,,452.58,9630.0,1147.5,843476.75,610802.17,10853.33,91.667,12
310,[204709] - trip.com,11/26/2017 8:00:00 PM,172.5,,471.17,8588.0,1385.0,675604.75,550233.33,10765.75,91.667,12
311,[204709] - trip.com,11/26/2017 10:00:00 PM,232.5,,455.58,9431.0,1048.5,714889.92,577111.5,10760.25,100.0,12
312,[204709] - trip.com,11/27/2017 12:00:00 AM,275.0,,475.83,11475.5,1048.5,749643.25,543344.83,10762.73,91.667,12
313,[204709] - trip.com,11/27/2017 2:00:00 AM,304.5,,434.75,9242.5,1345.5,791416.25,559462.75,10765.0,83.333,12
314,[204709] - trip.com,11/27/2017 4:00:00 AM,230.0,,380.92,9453.5,1206.5,772027.0,586189.0,10763.67,100.0,12
315,[204709] - trip.com,11/27/2017 6:00:00 AM,203.0,,298.58,8828.0,948.0,771153.58,579867.17,10759.33,100.0,12
316,[204709] - trip.com,11/27/2017 8:00:00 AM,249.5,,409.5,8567.5,1247.5,751263.58,581953.17,10760.83,100.0,12
317,[204709] - trip.com,11/27/2017 10:00:00 AM,496.0,,1013.17,10092.0,1591.0,760985.17,585496.42,10765.08,100.0,12
318,[204709] - trip.com,11/27/2017 12:00:00 PM,338.0,,532.42,10006.5,1246.0,803500.25,582026.17,10764.25,91.667,12
319,[204709] - trip.com,11/27/2017 2:00:00 PM,304.5,,692.25,9699.0,1049.0,752583.83,593279.5,10765.25,100.0,12
320,[204709] - trip.com,11/27/2017 4:00:00 PM,234.5,,334.75,8362.0,1135.5,735634.83,582565.33,10763.0,91.667,12
321,[204709] - trip.com,11/27/2017 6:00:00 PM,331.5,,482.0,11154.0,1397.5,677815.83,512369.25,10761.42,100.0,12
322,[204709] - trip.com,11/27/2017 8:00:00 PM,329.5,,540.33,9748.5,1445.5,722796.08,579602.75,10765.67,100.0,12
323,[204709] - trip.com,11/27/2017 10:00:00 PM,281.0,,572.75,10113.0,1048.5,764863.17,582327.33,10762.67,100.0,12
324,[204709] - trip.com,11/28/2017 12:00:00 AM,252.5,,438.33,8549.0,1363.0,681251.58,579894.83,10763.25,100.0,12
325,[204709] - trip.com,11/28/2017 2:00:00 AM,317.0,,443.0,9010.0,1397.0,566819.58,506932.25,10759.58,91.667,12
326,[204709] - trip.com,11/28/2017 4:00:00 AM,228.5,,348.42,8780.0,1197.0,708400.5,580797.17,10765.67,91.667,12
327,[204709] - trip.com,11/28/2017 6:00:00 AM,274.0,,463.58,8876.0,1496.0,819941.25,601553.92,10767.42,83.333,12
328,[204709] - trip.com,11/28/2017 8:00:00 AM,398.0,,556.25,8740.0,1597.0,688408.5,584927.33,10765.08,100.0,12
329,[204709] - trip.com,11/28/2017 10:00:00 AM,250.5,,963.83,8971.5,1406.5,717329.08,582254.17,10762.5,100.0,12
330,[204709] - trip.com,11/28/2017 12:00:00 PM,322.5,,896.17,9058.0,1228.0,754952.58,583454.5,10758.83,100.0,12
331,[204709] - trip.com,11/28/2017 2:00:00 PM,285.5,,722.75,9196.0,1296.5,790054.75,581460.67,10768.0,91.667,12
332,[204709] - trip.com,11/28/2017 4:00:00 PM,236.0,,398.42,9855.5,1295.0,777546.25,582715.25,10764.0,100.0,12
333,[204709] - trip.com,11/28/2017 6:00:00 PM,277.0,,494.58,8865.5,1046.0,750802.08,579509.25,10761.0,100.0,12
334,[204709] - trip.com,11/28/2017 8:00:00 PM,295.5,,1081.25,11725.0,1197.5,822250.92,547802.25,10760.17,91.667,12
335,[204709] - trip.com,11/28/2017 10:00:00 PM,317.5,,412.83,8565.0,1538.0,739603.5,583609.5,10765.25,91.667,12
336,[204709] - trip.com,11/29/2017 12:00:00 AM,233.0,,386.5,9795.0,1157.0,842906.83,581091.17,10764.92,91.667,12
337,[204709] - trip.com,11/29/2017 2:00:00 AM,233.0,,385.33,9521.0,994.5,716219.58,583145.83,10759.5,100.0,12
338,[204709] - trip.com,11/29/2017 4:00:00 AM,397.0,,479.58,9558.5,1243.0,814197.33,593553.17,10769.08,91.667,12
339,[204709] - trip.com,11/29/2017 6:00:00 AM,196.0,,700.5,8105.0,1346.0,668679.5,580862.17,10768.67,100.0,12
340,[204709] - trip.com,11/29/2017 8:00:00 AM,531.5,,1528.67,9363.5,1763.0,790046.92,581323.58,10764.25,100.0,12
341,[204709] - trip.com,11/29/2017 10:00:00 AM,299.0,,398.83,9605.5,996.5,825764.5,580267.17,10758.08,100.0,12
342,[204709] - trip.com,11/29/2017 12:00:00 PM,295.5,,450.17,9929.0,1147.5,751830.5,589778.17,10770.25,91.667,12
343,[204709] - trip.com,11/29/2017 2:00:00 PM,336.5,,539.75,9081.5,1048.0,721104.25,534159.67,10766.08,100.0,12
344,[204709] - trip.com,11/29/2017 4:00:00 PM,197.0,,1116.5,9267.0,1096.0,830831.73,578726.36,10764.55,91.667,12
345,[204709] - trip.com,11/29/2017 6:00:00 PM,247.5,,464.5,10410.0,1296.0,835441.83,560892.08,10761.67,91.667,12
346,[204709] - trip.com,11/29/2017 8:00:00 PM,314.5,,462.08,9826.0,1347.0,808024.08,578593.5,10771.67,100.0,12
347,[204709] - trip.com,11/29/2017 10:00:00 PM,205.0,,635.08,9224.0,1296.0,708629.67,536642.5,10763.0,83.333,12
348,[204709] - trip.com,11/30/2017 12:00:00 AM,206.0,,320.67,8958.5,1131.0,811465.58,579710.25,10759.08,100.0,12
349,[204709] - trip.com,11/30/2017 2:00:00 AM,234.0,,346.25,10352.0,1051.0,858277.58,594091.25,10766.17,91.667,12
350,[204709] - trip.com,11/30/2017 4:00:00 AM,290.0,,1110.83,9432.0,1479.0,698180.92,585090.42,10763.08,100.0,12
351,[204709] - trip.com,11/30/2017 6:00:00 AM,108.5,,209.75,8789.5,807.0,680002.67,534827.08,10764.45,91.667,12
352,[204709] - trip.com,11/30/2017 8:00:00 AM,166.5,,326.17,9276.0,1051.0,818435.75,577287.33,10758.83,100.0,12
353,[204709] - trip.com,11/30/2017 10:00:00 AM,416.5,,838.67,8765.5,1496.5,750882.33,588332.25,10767.67,91.667,12
354,[204709] - trip.com,11/30/2017 12:00:00 PM,310.5,,409.83,8098.5,1246.5,713241.0,580080.08,10762.83,100.0,12
355,[204709] - trip.com,11/30/2017 2:00:00 PM,173.0,,952.33,9924.0,1084.0,729606.45,538064.82,10762.73,83.333,12
356,[204709] - trip.com,11/30/2017 4:00:00 PM,352.0,,533.33,10449.0,1195.0,908992.58,582276.42,10765.92,100.0,12
357,[204709] - trip.com,11/30/2017 6:00:00 PM,351.0,,493.83,9370.5,1298.5,771258.33,581006.33,10765.08,100.0,12
358,[204709] - trip.com,11/30/2017 8:00:00 PM,291.5,,612.0,9881.5,1247.0,685265.08,581263.17,10763.33,100.0,12
359,[204709] - trip.com,11/30/2017 10:00:00 PM,298.5,,676.83,9175.0,1097.5,785543.17,578519.08,10760.42,100.0,12
